Outcode,Postal Code,Sector,2021,2022,2023,2024,2025,2026,2027,2028,2029,2030
W1,65,65,65,65,65,65,65,65,65,65,65,65
EC1,31,31,31,31,31,31,31,31,31,31,31,31
EC4,25,25,25,25,25,25,25,25,25,25,25,25
SW1,24,24,24,24,24,24,24,24,24,24,24,24
EC2,23,23,23,23,23,23,23,23,23,23,23,23
EC3,22,22,22,22,22,22,22,22,22,22,22,22
WC2,20,20,20,20,20,20,20,20,20,20,20,20
WC1,20,20,20,20,20,20,20,20,20,20,20,20
E1,3,3,3,3,3,3,3,3,3,3,3,3
SE92,1,1,1,1,1,1,1,1,1,1,1,1
SE91,1,1,1,1,1,1,1,1,1,1,1,1
SE85,1,1,1,1,1,1,1,1,1,1,1,1
SE84,1,1,1,1,1,1,1,1,1,1,1,1
SE61,1,1,1,1,1,1,1,1,1,1,1,1
SE83,1,1,1,1,1,1,1,1,1,1,1,1
SE93,1,1,1,1,1,1,1,1,1,1,1,1
SE94,1,1,1,1,1,1,1,1,1,1,1,1
SE95,1,1,1,1,1,1,1,1,1,1,1,1
SE78,1,1,1,1,1,1,1,1,1,1,1,1
SE77,1,1,1,1,1,1,1,1,1,1,1,1
SE64,1,1,1,1,1,1,1,1,1,1,1,1
SE63,1,1,1,1,1,1,1,1,1,1,1,1
SE62,1,1,1,1,1,1,1,1,1,1,1,1
SE59,1,1,1,1,1,1,1,1,1,1,1,1
SM44,1,1,1,1,1,1,1,1,1,1,1,1
SE288,1,1,1,1,1,1,1,1,1,1,1,1
SE255,1,1,1,1,1,1,1,1,1,1,1,1
SE256,1,1,1,1,1,1,1,1,1,1,1,1
SE264,1,1,1,1,1,1,1,1,1,1,1,1
SE265,1,1,1,1,1,1,1,1,1,1,1,1
SE266,1,1,1,1,1,1,1,1,1,1,1,1
SE270,1,1,1,1,1,1,1,1,1,1,1,1
SE279,1,1,1,1,1,1,1,1,1,1,1,1
SE280,1,1,1,1,1,1,1,1,1,1,1,1
SE29,1,1,1,1,1,1,1,1,1,1,1,1
SE58,1,1,1,1,1,1,1,1,1,1,1,1
SE30,1,1,1,1,1,1,1,1,1,1,1,1
SE37,1,1,1,1,1,1,1,1,1,1,1,1
SE38,1,1,1,1,1,1,1,1,1,1,1,1
SE39,1,1,1,1,1,1,1,1,1,1,1,1
SE41,1,1,1,1,1,1,1,1,1,1,1,1
SE42,1,1,1,1,1,1,1,1,1,1,1,1
SE50,1,1,1,1,1,1,1,1,1,1,1,1
SE57,1,1,1,1,1,1,1,1,1,1,1,1
SE96,1,1,1,1,1,1,1,1,1,1,1,1
SW100,1,1,1,1,1,1,1,1,1,1,1,1
SM45,1,1,1,1,1,1,1,1,1,1,1,1
SW166,1,1,1,1,1,1,1,1,1,1,1,1
SW155,1,1,1,1,1,1,1,1,1,1,1,1
SW156,1,1,1,1,1,1,1,1,1,1,1,1
SW161,1,1,1,1,1,1,1,1,1,1,1,1
SW162,1,1,1,1,1,1,1,1,1,1,1,1
SW163,1,1,1,1,1,1,1,1,1,1,1,1
SW164,1,1,1,1,1,1,1,1,1,1,1,1
SW165,1,1,1,1,1,1,1,1,1,1,1,1
SW170,1,1,1,1,1,1,1,1,1,1,1,1
SW153,1,1,1,1,1,1,1,1,1,1,1,1
SW176,1,1,1,1,1,1,1,1,1,1,1,1
SW177,1,1,1,1,1,1,1,1,1,1,1,1
SW178,1,1,1,1,1,1,1,1,1,1,1,1
SW179,1,1,1,1,1,1,1,1,1,1,1,1
SW181,1,1,1,1,1,1,1,1,1,1,1,1
SW182,1,1,1,1,1,1,1,1,1,1,1,1
SW183,1,1,1,1,1,1,1,1,1,1,1,1
SW154,1,1,1,1,1,1,1,1,1,1,1,1
SW152,1,1,1,1,1,1,1,1,1,1,1,1
SM46,1,1,1,1,1,1,1,1,1,1,1,1
SW116,1,1,1,1,1,1,1,1,1,1,1,1
SE249,1,1,1,1,1,1,1,1,1,1,1,1
SW109,1,1,1,1,1,1,1,1,1,1,1,1
SW111,1,1,1,1,1,1,1,1,1,1,1,1
SW112,1,1,1,1,1,1,1,1,1,1,1,1
SW113,1,1,1,1,1,1,1,1,1,1,1,1
SW114,1,1,1,1,1,1,1,1,1,1,1,1
SW115,1,1,1,1,1,1,1,1,1,1,1,1
SW120,1,1,1,1,1,1,1,1,1,1,1,1
SW151,1,1,1,1,1,1,1,1,1,1,1,1
SW128,1,1,1,1,1,1,1,1,1,1,1,1
SW129,1,1,1,1,1,1,1,1,1,1,1,1
SW130,1,1,1,1,1,1,1,1,1,1,1,1
SW138,1,1,1,1,1,1,1,1,1,1,1,1
SW139,1,1,1,1,1,1,1,1,1,1,1,1
SW147,1,1,1,1,1,1,1,1,1,1,1,1
SW148,1,1,1,1,1,1,1,1,1,1,1,1
SE254,1,1,1,1,1,1,1,1,1,1,1,1
SE233,1,1,1,1,1,1,1,1,1,1,1,1
SE240,1,1,1,1,1,1,1,1,1,1,1,1
RM64,1,1,1,1,1,1,1,1,1,1,1,1
SE100,1,1,1,1,1,1,1,1,1,1,1,1
SE108,1,1,1,1,1,1,1,1,1,1,1,1
SE109,1,1,1,1,1,1,1,1,1,1,1,1
SE11,1,1,1,1,1,1,1,1,1,1,1,1
SE114,1,1,1,1,1,1,1,1,1,1,1,1
SE115,1,1,1,1,1,1,1,1,1,1,1,1
SE116,1,1,1,1,1,1,1,1,1,1,1,1
SE12,1,1,1,1,1,1,1,1,1,1,1,1
SE120,1,1,1,1,1,1,1,1,1,1,1,1
SE128,1,1,1,1,1,1,1,1,1,1,1,1
SE129,1,1,1,1,1,1,1,1,1,1,1,1
SE13,1,1,1,1,1,1,1,1,1,1,1,1
SE135,1,1,1,1,1,1,1,1,1,1,1,1
SE136,1,1,1,1,1,1,1,1,1,1,1,1
SE137,1,1,1,1,1,1,1,1,1,1,1,1
SE14,1,1,1,1,1,1,1,1,1,1,1,1
SE145,1,1,1,1,1,1,1,1,1,1,1,1
SE10,1,1,1,1,1,1,1,1,1,1,1,1
NW99,1,1,1,1,1,1,1,1,1,1,1,1
SW185,1,1,1,1,1,1,1,1,1,1,1,1
NW98,1,1,1,1,1,1,1,1,1,1,1,1
NW64,1,1,1,1,1,1,1,1,1,1,1,1
NW65,1,1,1,1,1,1,1,1,1,1,1,1
NW66,1,1,1,1,1,1,1,1,1,1,1,1
NW67,1,1,1,1,1,1,1,1,1,1,1,1
NW71,1,1,1,1,1,1,1,1,1,1,1,1
NW72,1,1,1,1,1,1,1,1,1,1,1,1
NW73,1,1,1,1,1,1,1,1,1,1,1,1
NW74,1,1,1,1,1,1,1,1,1,1,1,1
NW80,1,1,1,1,1,1,1,1,1,1,1,1
NW86,1,1,1,1,1,1,1,1,1,1,1,1
NW87,1,1,1,1,1,1,1,1,1,1,1,1
NW88,1,1,1,1,1,1,1,1,1,1,1,1
NW89,1,1,1,1,1,1,1,1,1,1,1,1
NW90,1,1,1,1,1,1,1,1,1,1,1,1
NW95,1,1,1,1,1,1,1,1,1,1,1,1
NW96,1,1,1,1,1,1,1,1,1,1,1,1
NW97,1,1,1,1,1,1,1,1,1,1,1,1
SE146,1,1,1,1,1,1,1,1,1,1,1,1
SE15,1,1,1,1,1,1,1,1,1,1,1,1
SE151,1,1,1,1,1,1,1,1,1,1,1,1
SE152,1,1,1,1,1,1,1,1,1,1,1,1
SE185,1,1,1,1,1,1,1,1,1,1,1,1
SE186,1,1,1,1,1,1,1,1,1,1,1,1
SE187,1,1,1,1,1,1,1,1,1,1,1,1
SE19,1,1,1,1,1,1,1,1,1,1,1,1
SE191,1,1,1,1,1,1,1,1,1,1,1,1
SE192,1,1,1,1,1,1,1,1,1,1,1,1
SE193,1,1,1,1,1,1,1,1,1,1,1,1
SE20,1,1,1,1,1,1,1,1,1,1,1,1
SE207,1,1,1,1,1,1,1,1,1,1,1,1
SE208,1,1,1,1,1,1,1,1,1,1,1,1
SE217,1,1,1,1,1,1,1,1,1,1,1,1
SE218,1,1,1,1,1,1,1,1,1,1,1,1
SE220,1,1,1,1,1,1,1,1,1,1,1,1
SE228,1,1,1,1,1,1,1,1,1,1,1,1
SE229,1,1,1,1,1,1,1,1,1,1,1,1
SE231,1,1,1,1,1,1,1,1,1,1,1,1
SE232,1,1,1,1,1,1,1,1,1,1,1,1
SE184,1,1,1,1,1,1,1,1,1,1,1,1
SE183,1,1,1,1,1,1,1,1,1,1,1,1
SE182,1,1,1,1,1,1,1,1,1,1,1,1
SE164,1,1,1,1,1,1,1,1,1,1,1,1
SE153,1,1,1,1,1,1,1,1,1,1,1,1
SE154,1,1,1,1,1,1,1,1,1,1,1,1
SE155,1,1,1,1,1,1,1,1,1,1,1,1
SE156,1,1,1,1,1,1,1,1,1,1,1,1
SE16,1,1,1,1,1,1,1,1,1,1,1,1
SE162,1,1,1,1,1,1,1,1,1,1,1,1
SE163,1,1,1,1,1,1,1,1,1,1,1,1
SE165,1,1,1,1,1,1,1,1,1,1,1,1
SE181,1,1,1,1,1,1,1,1,1,1,1,1
SE166,1,1,1,1,1,1,1,1,1,1,1,1
SE167,1,1,1,1,1,1,1,1,1,1,1,1
SE17,1,1,1,1,1,1,1,1,1,1,1,1
SE171,1,1,1,1,1,1,1,1,1,1,1,1
SE172,1,1,1,1,1,1,1,1,1,1,1,1
SE173,1,1,1,1,1,1,1,1,1,1,1,1
SE18,1,1,1,1,1,1,1,1,1,1,1,1
SW184,1,1,1,1,1,1,1,1,1,1,1,1
SW194,1,1,1,1,1,1,1,1,1,1,1,1
SW191,1,1,1,1,1,1,1,1,1,1,1,1
SW192,1,1,1,1,1,1,1,1,1,1,1,1
UB56,1,1,1,1,1,1,1,1,1,1,1,1
UB60,1,1,1,1,1,1,1,1,1,1,1,1
UB67,1,1,1,1,1,1,1,1,1,1,1,1
UB68,1,1,1,1,1,1,1,1,1,1,1,1
UB69,1,1,1,1,1,1,1,1,1,1,1,1
W104,1,1,1,1,1,1,1,1,1,1,1,1
W105,1,1,1,1,1,1,1,1,1,1,1,1
W106,1,1,1,1,1,1,1,1,1,1,1,1
W111,1,1,1,1,1,1,1,1,1,1,1,1
W112,1,1,1,1,1,1,1,1,1,1,1,1
W113,1,1,1,1,1,1,1,1,1,1,1,1
W114,1,1,1,1,1,1,1,1,1,1,1,1
W120,1,1,1,1,1,1,1,1,1,1,1,1
W127,1,1,1,1,1,1,1,1,1,1,1,1
W128,1,1,1,1,1,1,1,1,1,1,1,1
W129,1,1,1,1,1,1,1,1,1,1,1,1
W130,1,1,1,1,1,1,1,1,1,1,1,1
UB55,1,1,1,1,1,1,1,1,1,1,1,1
UB54,1,1,1,1,1,1,1,1,1,1,1,1
UB25,1,1,1,1,1,1,1,1,1,1,1,1
TW88,1,1,1,1,1,1,1,1,1,1,1,1
TW50,1,1,1,1,1,1,1,1,1,1,1,1
TW59,1,1,1,1,1,1,1,1,1,1,1,1
TW74,1,1,1,1,1,1,1,1,1,1,1,1
TW75,1,1,1,1,1,1,1,1,1,1,1,1
TW76,1,1,1,1,1,1,1,1,1,1,1,1
TW77,1,1,1,1,1,1,1,1,1,1,1,1
TW80,1,1,1,1,1,1,1,1,1,1,1,1
TW89,1,1,1,1,1,1,1,1,1,1,1,1
UB24,1,1,1,1,1,1,1,1,1,1,1,1
TW91,1,1,1,1,1,1,1,1,1,1,1,1
TW92,1,1,1,1,1,1,1,1,1,1,1,1
TW93,1,1,1,1,1,1,1,1,1,1,1,1
TW94,1,1,1,1,1,1,1,1,1,1,1,1
UB11,1,1,1,1,1,1,1,1,1,1,1,1
UB12,1,1,1,1,1,1,1,1,1,1,1,1
UB13,1,1,1,1,1,1,1,1,1,1,1,1
W138,1,1,1,1,1,1,1,1,1,1,1,1
W139,1,1,1,1,1,1,1,1,1,1,1,1
W140,1,1,1,1,1,1,1,1,1,1,1,1
W72,1,1,1,1,1,1,1,1,1,1,1,1
W54,1,1,1,1,1,1,1,1,1,1,1,1
W55,1,1,1,1,1,1,1,1,1,1,1,1
W60,1,1,1,1,1,1,1,1,1,1,1,1
W67,1,1,1,1,1,1,1,1,1,1,1,1
W68,1,1,1,1,1,1,1,1,1,1,1,1
W69,1,1,1,1,1,1,1,1,1,1,1,1
W71,1,1,1,1,1,1,1,1,1,1,1,1
W73,1,1,1,1,1,1,1,1,1,1,1,1
W52,1,1,1,1,1,1,1,1,1,1,1,1
W84,1,1,1,1,1,1,1,1,1,1,1,1
W85,1,1,1,1,1,1,1,1,1,1,1,1
W86,1,1,1,1,1,1,1,1,1,1,1,1
W87,1,1,1,1,1,1,1,1,1,1,1,1
W91,1,1,1,1,1,1,1,1,1,1,1,1
W92,1,1,1,1,1,1,1,1,1,1,1,1
W93,1,1,1,1,1,1,1,1,1,1,1,1
W53,1,1,1,1,1,1,1,1,1,1,1,1
W51,1,1,1,1,1,1,1,1,1,1,1,1
W148,1,1,1,1,1,1,1,1,1,1,1,1
W30,1,1,1,1,1,1,1,1,1,1,1,1
W149,1,1,1,1,1,1,1,1,1,1,1,1
W21,1,1,1,1,1,1,1,1,1,1,1,1
W22,1,1,1,1,1,1,1,1,1,1,1,1
W23,1,1,1,1,1,1,1,1,1,1,1,1
W24,1,1,1,1,1,1,1,1,1,1,1,1
W25,1,1,1,1,1,1,1,1,1,1,1,1
W26,1,1,1,1,1,1,1,1,1,1,1,1
W36,1,1,1,1,1,1,1,1,1,1,1,1
W45,1,1,1,1,1,1,1,1,1,1,1,1
W37,1,1,1,1,1,1,1,1,1,1,1,1
W38,1,1,1,1,1,1,1,1,1,1,1,1
W39,1,1,1,1,1,1,1,1,1,1,1,1
W41,1,1,1,1,1,1,1,1,1,1,1,1
W42,1,1,1,1,1,1,1,1,1,1,1,1
W43,1,1,1,1,1,1,1,1,1,1,1,1
W44,1,1,1,1,1,1,1,1,1,1,1,1
TW47,1,1,1,1,1,1,1,1,1,1,1,1
TW46,1,1,1,1,1,1,1,1,1,1,1,1
TW45,1,1,1,1,1,1,1,1,1,1,1,1
SW61,1,1,1,1,1,1,1,1,1,1,1,1
SW40,1,1,1,1,1,1,1,1,1,1,1,1
SW46,1,1,1,1,1,1,1,1,1,1,1,1
SW47,1,1,1,1,1,1,1,1,1,1,1,1
SW48,1,1,1,1,1,1,1,1,1,1,1,1
SW49,1,1,1,1,1,1,1,1,1,1,1,1
SW50,1,1,1,1,1,1,1,1,1,1,1,1
SW59,1,1,1,1,1,1,1,1,1,1,1,1
SW62,1,1,1,1,1,1,1,1,1,1,1,1
SW35,1,1,1,1,1,1,1,1,1,1,1,1
SW63,1,1,1,1,1,1,1,1,1,1,1,1
SW64,1,1,1,1,1,1,1,1,1,1,1,1
SW65,1,1,1,1,1,1,1,1,1,1,1,1
SW66,1,1,1,1,1,1,1,1,1,1,1,1
SW67,1,1,1,1,1,1,1,1,1,1,1,1
SW71,1,1,1,1,1,1,1,1,1,1,1,1
SW72,1,1,1,1,1,1,1,1,1,1,1,1
SW36,1,1,1,1,1,1,1,1,1,1,1,1
SW34,1,1,1,1,1,1,1,1,1,1,1,1
SW74,1,1,1,1,1,1,1,1,1,1,1,1
SW208,1,1,1,1,1,1,1,1,1,1,1,1
SW193,1,1,1,1,1,1,1,1,1,1,1,1
NW62,1,1,1,1,1,1,1,1,1,1,1,1
SW195,1,1,1,1,1,1,1,1,1,1,1,1
SW196,1,1,1,1,1,1,1,1,1,1,1,1
SW197,1,1,1,1,1,1,1,1,1,1,1,1
SW198,1,1,1,1,1,1,1,1,1,1,1,1
SW200,1,1,1,1,1,1,1,1,1,1,1,1
SW209,1,1,1,1,1,1,1,1,1,1,1,1
SW33,1,1,1,1,1,1,1,1,1,1,1,1
SW21,1,1,1,1,1,1,1,1,1,1,1,1
SW22,1,1,1,1,1,1,1,1,1,1,1,1
SW23,1,1,1,1,1,1,1,1,1,1,1,1
SW24,1,1,1,1,1,1,1,1,1,1,1,1
SW25,1,1,1,1,1,1,1,1,1,1,1,1
SW31,1,1,1,1,1,1,1,1,1,1,1,1
SW32,1,1,1,1,1,1,1,1,1,1,1,1
SW73,1,1,1,1,1,1,1,1,1,1,1,1
SW75,1,1,1,1,1,1,1,1,1,1,1,1
TW34,1,1,1,1,1,1,1,1,1,1,1,1
TW140,1,1,1,1,1,1,1,1,1,1,1,1
TW123,1,1,1,1,1,1,1,1,1,1,1,1
TW13,1,1,1,1,1,1,1,1,1,1,1,1
TW134,1,1,1,1,1,1,1,1,1,1,1,1
TW135,1,1,1,1,1,1,1,1,1,1,1,1
TW136,1,1,1,1,1,1,1,1,1,1,1,1
TW137,1,1,1,1,1,1,1,1,1,1,1,1
TW14,1,1,1,1,1,1,1,1,1,1,1,1
TW148,1,1,1,1,1,1,1,1,1,1,1,1
TW121,1,1,1,1,1,1,1,1,1,1,1,1
TW149,1,1,1,1,1,1,1,1,1,1,1,1
TW25,1,1,1,1,1,1,1,1,1,1,1,1
TW26,1,1,1,1,1,1,1,1,1,1,1,1
TW27,1,1,1,1,1,1,1,1,1,1,1,1
TW31,1,1,1,1,1,1,1,1,1,1,1,1
TW32,1,1,1,1,1,1,1,1,1,1,1,1
TW33,1,1,1,1,1,1,1,1,1,1,1,1
TW122,1,1,1,1,1,1,1,1,1,1,1,1
TW12,1,1,1,1,1,1,1,1,1,1,1,1
SW81,1,1,1,1,1,1,1,1,1,1,1,1
SW98,1,1,1,1,1,1,1,1,1,1,1,1
SW82,1,1,1,1,1,1,1,1,1,1,1,1
SW83,1,1,1,1,1,1,1,1,1,1,1,1
SW84,1,1,1,1,1,1,1,1,1,1,1,1
SW85,1,1,1,1,1,1,1,1,1,1,1,1
SW90,1,1,1,1,1,1,1,1,1,1,1,1
SW96,1,1,1,1,1,1,1,1,1,1,1,1
SW97,1,1,1,1,1,1,1,1,1,1,1,1
SW99,1,1,1,1,1,1,1,1,1,1,1,1
TW119,1,1,1,1,1,1,1,1,1,1,1,1
TN163,1,1,1,1,1,1,1,1,1,1,1,1
TW105,1,1,1,1,1,1,1,1,1,1,1,1
TW106,1,1,1,1,1,1,1,1,1,1,1,1
TW107,1,1,1,1,1,1,1,1,1,1,1,1
TW11,1,1,1,1,1,1,1,1,1,1,1,1
TW110,1,1,1,1,1,1,1,1,1,1,1,1
TW118,1,1,1,1,1,1,1,1,1,1,1,1
NW63,1,1,1,1,1,1,1,1,1,1,1,1
BR11,1,1,1,1,1,1,1,1,1,1,1,1
NW61,1,1,1,1,1,1,1,1,1,1,1,1
E148,1,1,1,1,1,1,1,1,1,1,1,1
E182,1,1,1,1,1,1,1,1,1,1,1,1
E20,1,1,1,1,1,1,1,1,1,1,1,1
E26,1,1,1,1,1,1,1,1,1,1,1,1
E27,1,1,1,1,1,1,1,1,1,1,1,1
E28,1,1,1,1,1,1,1,1,1,1,1,1
E29,1,1,1,1,1,1,1,1,1,1,1,1
E32,1,1,1,1,1,1,1,1,1,1,1,1
E33,1,1,1,1,1,1,1,1,1,1,1,1
E34,1,1,1,1,1,1,1,1,1,1,1,1
E35,1,1,1,1,1,1,1,1,1,1,1,1
E46,1,1,1,1,1,1,1,1,1,1,1,1
E47,1,1,1,1,1,1,1,1,1,1,1,1
E48,1,1,1,1,1,1,1,1,1,1,1,1
E49,1,1,1,1,1,1,1,1,1,1,1,1
E50,1,1,1,1,1,1,1,1,1,1,1,1
E58,1,1,1,1,1,1,1,1,1,1,1,1
E59,1,1,1,1,1,1,1,1,1,1,1,1
E181,1,1,1,1,1,1,1,1,1,1,1,1
E18,1,1,1,1,1,1,1,1,1,1,1,1
E179,1,1,1,1,1,1,1,1,1,1,1,1
E162,1,1,1,1,1,1,1,1,1,1,1,1
E15,1,1,1,1,1,1,1,1,1,1,1,1
E151,1,1,1,1,1,1,1,1,1,1,1,1
E152,1,1,1,1,1,1,1,1,1,1,1,1
E153,1,1,1,1,1,1,1,1,1,1,1,1
E154,1,1,1,1,1,1,1,1,1,1,1,1
E16,1,1,1,1,1,1,1,1,1,1,1,1
E161,1,1,1,1,1,1,1,1,1,1,1,1
E163,1,1,1,1,1,1,1,1,1,1,1,1
E178,1,1,1,1,1,1,1,1,1,1,1,1
E164,1,1,1,1,1,1,1,1,1,1,1,1
E17,1,1,1,1,1,1,1,1,1,1,1,1
E173,1,1,1,1,1,1,1,1,1,1,1,1
E174,1,1,1,1,1,1,1,1,1,1,1,1
E175,1,1,1,1,1,1,1,1,1,1,1,1
E176,1,1,1,1,1,1,1,1,1,1,1,1
E177,1,1,1,1,1,1,1,1,1,1,1,1
E61,1,1,1,1,1,1,1,1,1,1,1,1
E62,1,1,1,1,1,1,1,1,1,1,1,1
E63,1,1,1,1,1,1,1,1,1,1,1,1
EN51,1,1,1,1,1,1,1,1,1,1,1,1
EN34,1,1,1,1,1,1,1,1,1,1,1,1
EN35,1,1,1,1,1,1,1,1,1,1,1,1
EN36,1,1,1,1,1,1,1,1,1,1,1,1
EN37,1,1,1,1,1,1,1,1,1,1,1,1
EN40,1,1,1,1,1,1,1,1,1,1,1,1
EN48,1,1,1,1,1,1,1,1,1,1,1,1
EN49,1,1,1,1,1,1,1,1,1,1,1,1
EN52,1,1,1,1,1,1,1,1,1,1,1,1
EN28,1,1,1,1,1,1,1,1,1,1,1,1
EN53,1,1,1,1,1,1,1,1,1,1,1,1
EN54,1,1,1,1,1,1,1,1,1,1,1,1
EN55,1,1,1,1,1,1,1,1,1,1,1,1
HA01,1,1,1,1,1,1,1,1,1,1,1,1
HA02,1,1,1,1,1,1,1,1,1,1,1,1
HA03,1,1,1,1,1,1,1,1,1,1,1,1
HA04,1,1,1,1,1,1,1,1,1,1,1,1
EN29,1,1,1,1,1,1,1,1,1,1,1,1
EN27,1,1,1,1,1,1,1,1,1,1,1,1
E65,1,1,1,1,1,1,1,1,1,1,1,1
E84,1,1,1,1,1,1,1,1,1,1,1,1
E66,1,1,1,1,1,1,1,1,1,1,1,1
E70,1,1,1,1,1,1,1,1,1,1,1,1
E78,1,1,1,1,1,1,1,1,1,1,1,1
E79,1,1,1,1,1,1,1,1,1,1,1,1
E81,1,1,1,1,1,1,1,1,1,1,1,1
E82,1,1,1,1,1,1,1,1,1,1,1,1
E83,1,1,1,1,1,1,1,1,1,1,1,1
E95,1,1,1,1,1,1,1,1,1,1,1,1
EN26,1,1,1,1,1,1,1,1,1,1,1,1
E96,1,1,1,1,1,1,1,1,1,1,1,1
E97,1,1,1,1,1,1,1,1,1,1,1,1
EN11,1,1,1,1,1,1,1,1,1,1,1,1
EN12,1,1,1,1,1,1,1,1,1,1,1,1
EN13,1,1,1,1,1,1,1,1,1,1,1,1
EN14,1,1,1,1,1,1,1,1,1,1,1,1
EN20,1,1,1,1,1,1,1,1,1,1,1,1
E149,1,1,1,1,1,1,1,1,1,1,1,1
E147,1,1,1,1,1,1,1,1,1,1,1,1
HA80,1,1,1,1,1,1,1,1,1,1,1,1
E146,1,1,1,1,1,1,1,1,1,1,1,1
BR66,1,1,1,1,1,1,1,1,1,1,1,1
BR67,1,1,1,1,1,1,1,1,1,1,1,1
BR68,1,1,1,1,1,1,1,1,1,1,1,1
BR69,1,1,1,1,1,1,1,1,1,1,1,1
BR75,1,1,1,1,1,1,1,1,1,1,1,1
BR76,1,1,1,1,1,1,1,1,1,1,1,1
CR00,1,1,1,1,1,1,1,1,1,1,1,1
CR01,1,1,1,1,1,1,1,1,1,1,1,1
CR02,1,1,1,1,1,1,1,1,1,1,1,1
CR03,1,1,1,1,1,1,1,1,1,1,1,1
CR04,1,1,1,1,1,1,1,1,1,1,1,1
CR05,1,1,1,1,1,1,1,1,1,1,1,1
CR06,1,1,1,1,1,1,1,1,1,1,1,1
CR07,1,1,1,1,1,1,1,1,1,1,1,1
CR08,1,1,1,1,1,1,1,1,1,1,1,1
CR09,1,1,1,1,1,1,1,1,1,1,1,1
CR20,1,1,1,1,1,1,1,1,1,1,1,1
BR60,1,1,1,1,1,1,1,1,1,1,1,1
BR54,1,1,1,1,1,1,1,1,1,1,1,1
BR53,1,1,1,1,1,1,1,1,1,1,1,1
BR29,1,1,1,1,1,1,1,1,1,1,1,1
BR13,1,1,1,1,1,1,1,1,1,1,1,1
BR14,1,1,1,1,1,1,1,1,1,1,1,1
BR15,1,1,1,1,1,1,1,1,1,1,1,1
BR20,1,1,1,1,1,1,1,1,1,1,1,1
BR26,1,1,1,1,1,1,1,1,1,1,1,1
BR27,1,1,1,1,1,1,1,1,1,1,1,1
BR28,1,1,1,1,1,1,1,1,1,1,1,1
BR31,1,1,1,1,1,1,1,1,1,1,1,1
BR52,1,1,1,1,1,1,1,1,1,1,1,1
BR33,1,1,1,1,1,1,1,1,1,1,1,1
BR34,1,1,1,1,1,1,1,1,1,1,1,1
BR35,1,1,1,1,1,1,1,1,1,1,1,1
BR36,1,1,1,1,1,1,1,1,1,1,1,1
BR40,1,1,1,1,1,1,1,1,1,1,1,1
BR49,1,1,1,1,1,1,1,1,1,1,1,1
BR51,1,1,1,1,1,1,1,1,1,1,1,1
CR26,1,1,1,1,1,1,1,1,1,1,1,1
CR27,1,1,1,1,1,1,1,1,1,1,1,1
CR28,1,1,1,1,1,1,1,1,1,1,1,1
E130,1,1,1,1,1,1,1,1,1,1,1,1
E112,1,1,1,1,1,1,1,1,1,1,1,1
E113,1,1,1,1,1,1,1,1,1,1,1,1
E114,1,1,1,1,1,1,1,1,1,1,1,1
E12,1,1,1,1,1,1,1,1,1,1,1,1
E125,1,1,1,1,1,1,1,1,1,1,1,1
E126,1,1,1,1,1,1,1,1,1,1,1,1
E13,1,1,1,1,1,1,1,1,1,1,1,1
E138,1,1,1,1,1,1,1,1,1,1,1,1
E11,1,1,1,1,1,1,1,1,1,1,1,1
E139,1,1,1,1,1,1,1,1,1,1,1,1
E14,1,1,1,1,1,1,1,1,1,1,1,1
E140,1,1,1,1,1,1,1,1,1,1,1,1
E142,1,1,1,1,1,1,1,1,1,1,1,1
E143,1,1,1,1,1,1,1,1,1,1,1,1
E144,1,1,1,1,1,1,1,1,1,1,1,1
E145,1,1,1,1,1,1,1,1,1,1,1,1
E111,1,1,1,1,1,1,1,1,1,1,1,1
E107,1,1,1,1,1,1,1,1,1,1,1,1
CR29,1,1,1,1,1,1,1,1,1,1,1,1
CR77,1,1,1,1,1,1,1,1,1,1,1,1
CR41,1,1,1,1,1,1,1,1,1,1,1,1
CR42,1,1,1,1,1,1,1,1,1,1,1,1
CR43,1,1,1,1,1,1,1,1,1,1,1,1
CR44,1,1,1,1,1,1,1,1,1,1,1,1
CR51,1,1,1,1,1,1,1,1,1,1,1,1
CR52,1,1,1,1,1,1,1,1,1,1,1,1
CR76,1,1,1,1,1,1,1,1,1,1,1,1
CR78,1,1,1,1,1,1,1,1,1,1,1,1
E106,1,1,1,1,1,1,1,1,1,1,1,1
CR81,1,1,1,1,1,1,1,1,1,1,1,1
CR82,1,1,1,1,1,1,1,1,1,1,1,1
CR83,1,1,1,1,1,1,1,1,1,1,1,1
CR84,1,1,1,1,1,1,1,1,1,1,1,1
CR85,1,1,1,1,1,1,1,1,1,1,1,1
E10,1,1,1,1,1,1,1,1,1,1,1,1
E105,1,1,1,1,1,1,1,1,1,1,1,1
HA30,1,1,1,1,1,1,1,1,1,1,1,1
HA87,1,1,1,1,1,1,1,1,1,1,1,1
NW54,1,1,1,1,1,1,1,1,1,1,1,1
N212,1,1,1,1,1,1,1,1,1,1,1,1
N77,1,1,1,1,1,1,1,1,1,1,1,1
N78,1,1,1,1,1,1,1,1,1,1,1,1
N79,1,1,1,1,1,1,1,1,1,1,1,1
N80,1,1,1,1,1,1,1,1,1,1,1,1
N87,1,1,1,1,1,1,1,1,1,1,1,1
N88,1,1,1,1,1,1,1,1,1,1,1,1
N89,1,1,1,1,1,1,1,1,1,1,1,1
N90,1,1,1,1,1,1,1,1,1,1,1,1
N97,1,1,1,1,1,1,1,1,1,1,1,1
N98,1,1,1,1,1,1,1,1,1,1,1,1
N99,1,1,1,1,1,1,1,1,1,1,1,1
NW10,1,1,1,1,1,1,1,1,1,1,1,1
NW100,1,1,1,1,1,1,1,1,1,1,1,1
NW101,1,1,1,1,1,1,1,1,1,1,1,1
NW102,1,1,1,1,1,1,1,1,1,1,1,1
NW103,1,1,1,1,1,1,1,1,1,1,1,1
NW104,1,1,1,1,1,1,1,1,1,1,1,1
N76,1,1,1,1,1,1,1,1,1,1,1,1
N70,1,1,1,1,1,1,1,1,1,1,1,1
N66,1,1,1,1,1,1,1,1,1,1,1,1
N32,1,1,1,1,1,1,1,1,1,1,1,1
N225,1,1,1,1,1,1,1,1,1,1,1,1
N226,1,1,1,1,1,1,1,1,1,1,1,1
N227,1,1,1,1,1,1,1,1,1,1,1,1
N228,1,1,1,1,1,1,1,1,1,1,1,1
N28,1,1,1,1,1,1,1,1,1,1,1,1
N29,1,1,1,1,1,1,1,1,1,1,1,1
N31,1,1,1,1,1,1,1,1,1,1,1,1
N33,1,1,1,1,1,1,1,1,1,1,1,1
N65,1,1,1,1,1,1,1,1,1,1,1,1
N41,1,1,1,1,1,1,1,1,1,1,1,1
N42,1,1,1,1,1,1,1,1,1,1,1,1
N43,1,1,1,1,1,1,1,1,1,1,1,1
N44,1,1,1,1,1,1,1,1,1,1,1,1
N51,1,1,1,1,1,1,1,1,1,1,1,1
N52,1,1,1,1,1,1,1,1,1,1,1,1
N64,1,1,1,1,1,1,1,1,1,1,1,1
NW105,1,1,1,1,1,1,1,1,1,1,1,1
NW106,1,1,1,1,1,1,1,1,1,1,1,1
NW107,1,1,1,1,1,1,1,1,1,1,1,1
NW36,1,1,1,1,1,1,1,1,1,1,1,1
NW26,1,1,1,1,1,1,1,1,1,1,1,1
NW27,1,1,1,1,1,1,1,1,1,1,1,1
NW31,1,1,1,1,1,1,1,1,1,1,1,1
NW32,1,1,1,1,1,1,1,1,1,1,1,1
NW33,1,1,1,1,1,1,1,1,1,1,1,1
NW34,1,1,1,1,1,1,1,1,1,1,1,1
NW35,1,1,1,1,1,1,1,1,1,1,1,1
NW37,1,1,1,1,1,1,1,1,1,1,1,1
NW24,1,1,1,1,1,1,1,1,1,1,1,1
NW41,1,1,1,1,1,1,1,1,1,1,1,1
NW42,1,1,1,1,1,1,1,1,1,1,1,1
NW43,1,1,1,1,1,1,1,1,1,1,1,1
NW44,1,1,1,1,1,1,1,1,1,1,1,1
NW51,1,1,1,1,1,1,1,1,1,1,1,1
NW52,1,1,1,1,1,1,1,1,1,1,1,1
BR12,1,1,1,1,1,1,1,1,1,1,1,1
NW25,1,1,1,1,1,1,1,1,1,1,1,1
NW23,1,1,1,1,1,1,1,1,1,1,1,1
NW108,1,1,1,1,1,1,1,1,1,1,1,1
NW12,1,1,1,1,1,1,1,1,1,1,1,1
NW109,1,1,1,1,1,1,1,1,1,1,1,1
NW11,1,1,1,1,1,1,1,1,1,1,1,1
NW110,1,1,1,1,1,1,1,1,1,1,1,1
NW116,1,1,1,1,1,1,1,1,1,1,1,1
NW117,1,1,1,1,1,1,1,1,1,1,1,1
NW118,1,1,1,1,1,1,1,1,1,1,1,1
NW119,1,1,1,1,1,1,1,1,1,1,1,1
NW13,1,1,1,1,1,1,1,1,1,1,1,1
NW22,1,1,1,1,1,1,1,1,1,1,1,1
NW14,1,1,1,1,1,1,1,1,1,1,1,1
NW15,1,1,1,1,1,1,1,1,1,1,1,1
NW16,1,1,1,1,1,1,1,1,1,1,1,1
NW17,1,1,1,1,1,1,1,1,1,1,1,1
NW18,1,1,1,1,1,1,1,1,1,1,1,1
NW19,1,1,1,1,1,1,1,1,1,1,1,1
NW21,1,1,1,1,1,1,1,1,1,1,1,1
N213,1,1,1,1,1,1,1,1,1,1,1,1
N211,1,1,1,1,1,1,1,1,1,1,1,1
HA88,1,1,1,1,1,1,1,1,1,1,1,1
N209,1,1,1,1,1,1,1,1,1,1,1,1
IG80,1,1,1,1,1,1,1,1,1,1,1,1
IG87,1,1,1,1,1,1,1,1,1,1,1,1
IG88,1,1,1,1,1,1,1,1,1,1,1,1
IG89,1,1,1,1,1,1,1,1,1,1,1,1
KT14,1,1,1,1,1,1,1,1,1,1,1,1
KT36,1,1,1,1,1,1,1,1,1,1,1,1
N1,1,1,1,1,1,1,1,1,1,1,1,1
N10,1,1,1,1,1,1,1,1,1,1,1,1
N101,1,1,1,1,1,1,1,1,1,1,1,1
N102,1,1,1,1,1,1,1,1,1,1,1,1
N103,1,1,1,1,1,1,1,1,1,1,1,1
N11,1,1,1,1,1,1,1,1,1,1,1,1
N111,1,1,1,1,1,1,1,1,1,1,1,1
N112,1,1,1,1,1,1,1,1,1,1,1,1
N113,1,1,1,1,1,1,1,1,1,1,1,1
N12,1,1,1,1,1,1,1,1,1,1,1,1
N120,1,1,1,1,1,1,1,1,1,1,1,1
IG74,1,1,1,1,1,1,1,1,1,1,1,1
IG63,1,1,1,1,1,1,1,1,1,1,1,1
IG62,1,1,1,1,1,1,1,1,1,1,1,1
IG12,1,1,1,1,1,1,1,1,1,1,1,1
HA89,1,1,1,1,1,1,1,1,1,1,1,1
HA90,1,1,1,1,1,1,1,1,1,1,1,1
HA96,1,1,1,1,1,1,1,1,1,1,1,1
HA97,1,1,1,1,1,1,1,1,1,1,1,1
HA98,1,1,1,1,1,1,1,1,1,1,1,1
HA99,1,1,1,1,1,1,1,1,1,1,1,1
IG11,1,1,1,1,1,1,1,1,1,1,1,1
IG13,1,1,1,1,1,1,1,1,1,1,1,1
IG61,1,1,1,1,1,1,1,1,1,1,1,1
IG14,1,1,1,1,1,1,1,1,1,1,1,1
IG26,1,1,1,1,1,1,1,1,1,1,1,1
IG27,1,1,1,1,1,1,1,1,1,1,1,1
IG38,1,1,1,1,1,1,1,1,1,1,1,1
IG39,1,1,1,1,1,1,1,1,1,1,1,1
IG45,1,1,1,1,1,1,1,1,1,1,1,1
IG50,1,1,1,1,1,1,1,1,1,1,1,1
N127,1,1,1,1,1,1,1,1,1,1,1,1
N128,1,1,1,1,1,1,1,1,1,1,1,1
N129,1,1,1,1,1,1,1,1,1,1,1,1
N181,1,1,1,1,1,1,1,1,1,1,1,1
N17,1,1,1,1,1,1,1,1,1,1,1,1
N170,1,1,1,1,1,1,1,1,1,1,1,1
N176,1,1,1,1,1,1,1,1,1,1,1,1
N177,1,1,1,1,1,1,1,1,1,1,1,1
N178,1,1,1,1,1,1,1,1,1,1,1,1
N179,1,1,1,1,1,1,1,1,1,1,1,1
N18,1,1,1,1,1,1,1,1,1,1,1,1
N182,1,1,1,1,1,1,1,1,1,1,1,1
N168,1,1,1,1,1,1,1,1,1,1,1,1
N19,1,1,1,1,1,1,1,1,1,1,1,1
N193,1,1,1,1,1,1,1,1,1,1,1,1
N194,1,1,1,1,1,1,1,1,1,1,1,1
N195,1,1,1,1,1,1,1,1,1,1,1,1
N20,1,1,1,1,1,1,1,1,1,1,1,1
N200,1,1,1,1,1,1,1,1,1,1,1,1
N208,1,1,1,1,1,1,1,1,1,1,1,1
N169,1,1,1,1,1,1,1,1,1,1,1,1
N167,1,1,1,1,1,1,1,1,1,1,1,1
N13,1,1,1,1,1,1,1,1,1,1,1,1
N147,1,1,1,1,1,1,1,1,1,1,1,1
N134,1,1,1,1,1,1,1,1,1,1,1,1
N135,1,1,1,1,1,1,1,1,1,1,1,1
N136,1,1,1,1,1,1,1,1,1,1,1,1
N14,1,1,1,1,1,1,1,1,1,1,1,1
N144,1,1,1,1,1,1,1,1,1,1,1,1
N145,1,1,1,1,1,1,1,1,1,1,1,1
N146,1,1,1,1,1,1,1,1,1,1,1,1
N15,1,1,1,1,1,1,1,1,1,1,1,1
N166,1,1,1,1,1,1,1,1,1,1,1,1
N153,1,1,1,1,1,1,1,1,1,1,1,1
N154,1,1,1,1,1,1,1,1,1,1,1,1
N155,1,1,1,1,1,1,1,1,1,1,1,1
N156,1,1,1,1,1,1,1,1,1,1,1,1
N16,1,1,1,1,1,1,1,1,1,1,1,1
N160,1,1,1,1,1,1,1,1,1,1,1,1
N165,1,1,1,1,1,1,1,1,1,1,1,1
NW53,1,1,1,1,1,1,1,1,1,1,1,1
